Target Class,Accuracy,F1 Score
2 Hours,0.7344195390813182,0.7471534864158463
4 Hours,0.7342512438072598,0.7481132169526336
6 Hours,0.7333571751638249,0.7479066807215736
