Target Class,Accuracy,F1 Score
2 Hours,0.7076776288072166,0.6699220662926222
4 Hours,0.7062650244107953,0.6698697862265859
6 Hours,0.7054348095462318,0.670080772753768
