Target Class,Accuracy,F1 Score
2 Hours,0.6903574397339983,0.6838867083907924
4 Hours,0.690160016625104,0.6849917072500818
6 Hours,0.689380714879468,0.6854057922209126
