Target Class,Accuracy,F1 Score
2 Hours,0.6907755683043609,0.6810735060226224
4 Hours,0.6910882974593452,0.6826912426061721
6 Hours,0.6913902428503645,0.6844762954796031
